{"cameraMode":{"drawMode":0,"name":"Shaded","section":"Shading Mode"},"sceneLighting":true,"audioPlay":false,"sceneViewState":{"m_AlwaysRefresh":false,"showFog":true,"showSkybox":true,"showFlares":true,"showImageEffects":true,"showParticleSystems":true,"showVisualEffectGraphs":true,"m_FxEnabled":true},"in2DMode":false,"pivot":{"x":3.1133298873901369,"y":16.23651885986328,"z":-12.186750411987305},"rotation":{"x":0.20143230259418488,"y":-0.2518089711666107,"z":0.053671520203351977,"w":0.9450591206550598},"size":15.074446678161621,"orthographic":true}